Source,sum_sq,df,F,p_value
C(QN80_group),1468.6494207710127,1.0,1.9433506024382863,0.1633292179909087
Residual,9742878.258212373,12892.0,,
